Workbook

Sheet Summary
A1: STAT 292 — The Islands Research Study
A2: Study Tracking Workbook — Oxygen Uptake & Running Plan Compliance
A4: Group | B4: Prescription | C4: Subjects | D4: Runs Completed | E4: Runs Prescribed | F4: Compliance %
A5: Control | B5: No running | C5: 10 | D5: =SUM(Control!B14:H23) -> 0 | E5: 0 | F5: =IF(E5=0,0,D5/E5) -> 0
A6: Minimal | B6: 1 km outdoors | C6: 10 | D6: =SUM(Minimal!B14:H23) -> 0 | E6: 40 | F6: =IF(E6=0,0,D6/E6) -> 0
A7: Moderate | B7: 5 km outdoors | C7: 10 | D7: =SUM(Moderate!B14:H23) -> 0 | E7: 40 | F7: =IF(E7=0,0,D7/E7) -> 0
A8: Maximal | B8: 5 km outdoors | C8: 10 | D8: =SUM(Maximal!B14:H23) -> 0 | E8: 70 | F8: =IF(E8=0,0,D8/E8) -> 0
A11: Oxygen Uptake — Group Means
A12: Group | B12: Mean Pre-test | C12: Mean Post-test | D12: Mean Change | E12: Std Dev Change | F12: n
A13: Control | B13: =IFERROR(AVERAGE(Control!I14:I23),0) -> 48.79 | C13: =IFERROR(AVERAGE(Control!J14:J23),0) -> 48.71 | D13: =IFERROR(AVERAGE(Control!K14:K23),0) -> -0.08 | E13: =IFERROR(STDEV(Control!K14:K23),0) -> 0.64429117 | F13: =COUNT(Control!K14:K23) -> 10
A14: Minimal | B14: =IFERROR(AVERAGE(Minimal!I14:I23),0) -> 53.22 | C14: =IFERROR(AVERAGE(Minimal!J14:J23),0) -> 51.63 | D14: =IFERROR(AVERAGE(Minimal!K14:K23),0) -> -1.59 | E14: =IFERROR(STDEV(Minimal!K14:K23),0) -> 0.59898062 | F14: =COUNT(Minimal!K14:K23) -> 10
A15: Moderate | B15: =IFERROR(AVERAGE(Moderate!I14:I23),0) -> 51.94 | C15: =IFERROR(AVERAGE(Moderate!J14:J23),0) -> 49.59 | D15: =IFERROR(AVERAGE(Moderate!K14:K23),0) -> -2.35 | E15: =IFERROR(STDEV(Moderate!K14:K23),0) -> 0.60231037 | F15: =COUNT(Moderate!K14:K23) -> 10
A16: Maximal | B16: =IFERROR(AVERAGE(Maximal!I14:I23),0) -> 59.666667 | C16: =IFERROR(AVERAGE(Maximal!J14:J23),0) -> 58.355556 | D16: =IFERROR(AVERAGE(Maximal!K14:K23),0) -> -1.3111111 | E16: =IFERROR(STDEV(Maximal!K14:K23),0) -> 0.82377856 | F16: =COUNT(Maximal!K14:K23) -> 9
A19: Instructions
A20: • Each treatment group has its own sheet for tracking subjects and runs.
A21: • Enter each subject's name in the Subject Name column.
A22: • Mark a run as completed by typing 'X' in the cell for that day. Cells will turn green automatically.
A23: • Cells shaded grey are rest days (no run prescribed for that group).
A24: • Yellow cells = Pre-test on Day 1. Orange cells = Post-test on Day 7 (Day 2 for Control).
A25: • Enter Pre-test and Post-test VO₂ values in the rightmost columns; change and group means update automatically.

Sheet Control
A1: Treatment Group: Control
A2: Prescription: No running
A4: Run Compliance Tracker
A6: Subject Name | B6: Day 1 | C6: Day 2 | D6: Day 3 | E6: Day 4 | F6: Day 5 | G6: Day 6 | H6: Day 7 | I6: Pre-test VO₂ | J6: Post-test VO₂ | K6: Change | L6: Runs ✓
A7: (islander) | B7: Pre-test | C7: Post-test | D7: Rest | E7: Rest | F7: Rest | G7: Rest | H7: Rest | I7: (mL/kg/min) | J7: (mL/kg/min) | K7: Post − Pre | L7: of prescribed
A9: Legend: | B9: X = Run completed | D9: Pre-test day | F9: Post-test day | H9: Rest day
A11: Subjects
B12: Day 1 | C12: Day 2 | D12: Day 3 | E12: Day 4 | F12: Day 5 | G12: Day 6 | H12: Day 7 | I12: Pre-test VO₂ | J12: Post-test VO₂ | K12: Change | L12: Runs ✓
A13: Activity | B13: Pre-test | C13: Post-test | D13: Rest | E13: Rest | F13: Rest | G13: Rest | H13: Rest | I13: (mL/kg/min) | J13: (mL/kg/min) | K13: Post − Pre | L13: of prescribed
A14: Megane Favreau | B14: Pre-test | C14: — | D14: — | E14: — | F14: — | G14: — | H14: Post-test | I14: 36.4 | J14: 36.2 | K14: =IF(AND(ISNUMBER(I14),ISNUMBER(J14)),J14-I14,"") -> -0.2 | L14: 0
A15: Elias Solberg | B15: Pre-test | C15: — | D15: — | E15: — | F15: — | G15: — | H15: Post-test | I15: 53.5 | J15: 53.2 | K15: =IF(AND(ISNUMBER(I15),ISNUMBER(J15)),J15-I15,"") -> -0.3 | L15: 0
A16: Louise Morris | B16: Pre-test | C16: — | D16: — | E16: — | F16: — | G16: — | H16: Post-test | I16: 64.2 | J16: 64 | K16: =IF(AND(ISNUMBER(I16),ISNUMBER(J16)),J16-I16,"") -> -0.2 | L16: 0
A17: Kayleigh Price | B17: Pre-test | C17: — | D17: — | E17: — | F17: — | G17: — | H17: Post-test | I17: 40 | J17: 40.6 | K17: =IF(AND(ISNUMBER(I17),ISNUMBER(J17)),J17-I17,"") -> 0.6 | L17: 0
A18: Raphael McCarthy | B18: Pre-test | C18: — | D18: — | E18: — | F18: — | G18: — | H18: Post-test | I18: 45.3 | J18: 46.2 | K18: =IF(AND(ISNUMBER(I18),ISNUMBER(J18)),J18-I18,"") -> 0.9 | L18: 0
A19: Arvid Solberg | B19: Pre-test | C19: — | D19: — | E19: — | F19: — | G19: — | H19: Post-test | I19: 60.1 | J19: 59.4 | K19: =IF(AND(ISNUMBER(I19),ISNUMBER(J19)),J19-I19,"") -> -0.7 | L19: 0
A20: Elie Perrot | B20: Pre-test | C20: — | D20: — | E20: — | F20: — | G20: — | H20: Post-test | I20: 51.3 | J20: 50.9 | K20: =IF(AND(ISNUMBER(I20),ISNUMBER(J20)),J20-I20,"") -> -0.4 | L20: 0
A21: Blade Quinn | B21: Pre-test | C21: — | D21: — | E21: — | F21: — | G21: — | H21: Post-test | I21: 40.7 | J21: 40.1 | K21: =IF(AND(ISNUMBER(I21),ISNUMBER(J21)),J21-I21,"") -> -0.6 | L21: 0
A22: Louise Price | B22: Pre-test | C22: — | D22: — | E22: — | F22: — | G22: — | H22: Post-test | I22: 47.8 | J22: 48.7 | K22: =IF(AND(ISNUMBER(I22),ISNUMBER(J22)),J22-I22,"") -> 0.9 | L22: 0
A23: Aadiv Basu | B23: Pre-test | C23: — | D23: — | E23: — | F23: — | G23: — | H23: Post-test | I23: 48.6 | J23: 47.8 | K23: =IF(AND(ISNUMBER(I23),ISNUMBER(J23)),J23-I23,"") -> -0.8 | L23: 0
A24: Totals | B24: — | C24: — | D24: — | E24: — | F24: — | G24: — | H24: — | I24: =IFERROR(AVERAGE(I14:I23),0) -> 48.79 | J24: =IFERROR(AVERAGE(J14:J23),0) -> 48.71 | K24: =IFERROR(AVERAGE(K14:K23),0) -> -0.08 | L24: =SUM(L14:L23) -> 0

Sheet Minimal
A1: Treatment Group: Minimal
A2: Prescription: 1 km outdoors
A4: Run Compliance Tracker
A6: Subject Name | B6: Day 1 | C6: Day 2 | D6: Day 3 | E6: Day 4 | F6: Day 5 | G6: Day 6 | H6: Day 7 | I6: Pre-test VO₂ | J6: Post-test VO₂ | K6: Change | L6: Runs ✓
A7: (islander) | B7: Pre-test + Run | C7: Rest | D7: Run | E7: Rest | F7: Run | G7: Rest | H7: Run + Post-test | I7: (mL/kg/min) | J7: (mL/kg/min) | K7: Post − Pre | L7: of prescribed
A9: Legend: | B9: X = Run completed | D9: Pre-test day | F9: Post-test day | H9: Rest day
A11: Subjects
B12: Day 1 | C12: Day 2 | D12: Day 3 | E12: Day 4 | F12: Day 5 | G12: Day 6 | H12: Day 7 | I12: Pre-test VO₂ | J12: Post-test VO₂ | K12: Change | L12: Runs ✓
A13: Activity | B13: Pre-test + Run | C13: Rest | D13: Run | E13: Rest | F13: Run | G13: Rest | H13: Run + Post-test | I13: (mL/kg/min) | J13: (mL/kg/min) | K13: Post − Pre | L13: of prescribed
A14: Jacqueline Eklund | B14: X | C14: — | D14: X | E14: — | F14: X | G14: — | H14: X | I14: 44.6 | J14: 42.1 | K14: =IF(AND(ISNUMBER(I14),ISNUMBER(J14)),J14-I14,"") -> -2.5 | L14: =IF(UPPER(B14)="X",1,0)+IF(UPPER(D14)="X",1,0)+IF(UPPER(F14)="X",1,0)+IF(UPPER(H14)="X",1,0) -> 4
A15: Kayleigh Collins | B15: X | C15: — | D15: X | E15: — | F15: X | G15: — | H15: X | I15: 52.3 | J15: 50.7 | K15: =IF(AND(ISNUMBER(I15),ISNUMBER(J15)),J15-I15,"") -> -1.6 | L15: =IF(UPPER(B15)="X",1,0)+IF(UPPER(D15)="X",1,0)+IF(UPPER(F15)="X",1,0)+IF(UPPER(H15)="X",1,0) -> 4
A16: Sebastian Nagel | B16: X | C16: — | D16: X | E16: — | F16: X | G16: — | H16: X | I16: 52.1 | J16: 51 | K16: =IF(AND(ISNUMBER(I16),ISNUMBER(J16)),J16-I16,"") -> -1.1 | L16: =IF(UPPER(B16)="X",1,0)+IF(UPPER(D16)="X",1,0)+IF(UPPER(F16)="X",1,0)+IF(UPPER(H16)="X",1,0) -> 4
A17: Daniel Edwards | B17: X | C17: — | D17: X | E17: — | F17: X | G17: — | H17: X | I17: 59.9 | J17: 58.6 | K17: =IF(AND(ISNUMBER(I17),ISNUMBER(J17)),J17-I17,"") -> -1.3 | L17: =IF(UPPER(B17)="X",1,0)+IF(UPPER(D17)="X",1,0)+IF(UPPER(F17)="X",1,0)+IF(UPPER(H17)="X",1,0) -> 4
A18: Elle Mallick | B18: X | C18: — | D18: X | E18: — | F18: X | G18: — | H18: X | I18: 37.7 | J18: 36.2 | K18: =IF(AND(ISNUMBER(I18),ISNUMBER(J18)),J18-I18,"") -> -1.5 | L18: =IF(UPPER(B18)="X",1,0)+IF(UPPER(D18)="X",1,0)+IF(UPPER(F18)="X",1,0)+IF(UPPER(H18)="X",1,0) -> 4
A19: Grace Morris | B19: X | C19: — | D19: X | E19: — | F19: X | G19: — | H19: X | I19: 45.7 | J19: 44.2 | K19: =IF(AND(ISNUMBER(I19),ISNUMBER(J19)),J19-I19,"") -> -1.5 | L19: =IF(UPPER(B19)="X",1,0)+IF(UPPER(D19)="X",1,0)+IF(UPPER(F19)="X",1,0)+IF(UPPER(H19)="X",1,0) -> 4
A20: Paul Sorensen | B20: X | C20: — | D20: X | E20: — | F20: X | G20: — | H20: X | I20: 66.6 | J20: 65.4 | K20: =IF(AND(ISNUMBER(I20),ISNUMBER(J20)),J20-I20,"") -> -1.2 | L20: =IF(UPPER(B20)="X",1,0)+IF(UPPER(D20)="X",1,0)+IF(UPPER(F20)="X",1,0)+IF(UPPER(H20)="X",1,0) -> 4
A21: Tsugamasa Fukuda | B21: X | C21: — | D21: X | E21: — | F21: X | G21: — | H21: X | I21: 64.3 | J21: 62.4 | K21: =IF(AND(ISNUMBER(I21),ISNUMBER(J21)),J21-I21,"") -> -1.9 | L21: =IF(UPPER(B21)="X",1,0)+IF(UPPER(D21)="X",1,0)+IF(UPPER(F21)="X",1,0)+IF(UPPER(H21)="X",1,0) -> 4
A22: Michel Fabre | B22: X | C22: — | D22: X | E22: — | F22: X | G22: — | H22: X | I22: 43.7 | J22: 43 | K22: =IF(AND(ISNUMBER(I22),ISNUMBER(J22)),J22-I22,"") -> -0.7 | L22: =IF(UPPER(B22)="X",1,0)+IF(UPPER(D22)="X",1,0)+IF(UPPER(F22)="X",1,0)+IF(UPPER(H22)="X",1,0) -> 4
A23: Hina Davies | B23: X | C23: — | D23: X | E23: — | F23: X | G23: — | H23: X | I23: 65.3 | J23: 62.7 | K23: =IF(AND(ISNUMBER(I23),ISNUMBER(J23)),J23-I23,"") -> -2.6 | L23: =IF(UPPER(B23)="X",1,0)+IF(UPPER(D23)="X",1,0)+IF(UPPER(F23)="X",1,0)+IF(UPPER(H23)="X",1,0) -> 4
A24: Totals | B24: =COUNTIF(B14:B23,"X") -> 10 | C24: — | D24: =COUNTIF(D14:D23,"X") -> 10 | E24: — | F24: =COUNTIF(F14:F23,"X") -> 10 | G24: — | H24: =COUNTIF(H14:H23,"X") -> 10 | I24: =IFERROR(AVERAGE(I14:I23),0) -> 53.22 | J24: =IFERROR(AVERAGE(J14:J23),0) -> 51.63 | K24: =IFERROR(AVERAGE(K14:K23),0) -> -1.59 | L24: =SUM(L14:L23) -> 40

Sheet Moderate
A1: Treatment Group: Moderate Running Plan
A2: Prescription: 5 km outdoors
A4: Run Compliance Tracker
A6: Subject Name | B6: Day 1 | C6: Day 2 | D6: Day 3 | E6: Day 4 | F6: Day 5 | G6: Day 6 | H6: Day 7 | I6: Pre-test VO₂ | J6: Post-test VO₂ | K6: Change | L6: Runs ✓
A7: (islander) | B7: Pre-test + Run | C7: Rest | D7: Run | E7: Rest | F7: Run | G7: Rest | H7: Run + Post-test | I7: (mL/kg/min) | J7: (mL/kg/min) | K7: Post − Pre | L7: of prescribed
A9: Legend: | B9: X = Run completed | D9: Pre-test day | F9: Post-test day | H9: Rest day
A11: Subjects
B12: Day 1 | C12: Day 2 | D12: Day 3 | E12: Day 4 | F12: Day 5 | G12: Day 6 | H12: Day 7 | I12: Pre-test VO₂ | J12: Post-test VO₂ | K12: Change | L12: Runs ✓
A13: Activity | B13: Pre-test + Run | C13: Rest | D13: Run | E13: Rest | F13: Run | G13: Rest | H13: Run + Post-test | I13: (mL/kg/min) | J13: (mL/kg/min) | K13: Post − Pre | L13: of prescribed
A14: Gersende Babu | B14: X | C14: — | D14: X | E14: — | F14: X | G14: — | H14: X | I14: 56.1 | J14: 53.7 | K14: =IF(AND(ISNUMBER(I14),ISNUMBER(J14)),J14-I14,"") -> -2.4 | L14: =IF(UPPER(B14)="X",1,0)+IF(UPPER(D14)="X",1,0)+IF(UPPER(F14)="X",1,0)+IF(UPPER(H14)="X",1,0) -> 4
A15: Jacqueline Baumann | B15: X | C15: — | D15: X | E15: — | F15: X | G15: — | H15: X | I15: 38.9 | J15: 36.7 | K15: =IF(AND(ISNUMBER(I15),ISNUMBER(J15)),J15-I15,"") -> -2.2 | L15: =IF(UPPER(B15)="X",1,0)+IF(UPPER(D15)="X",1,0)+IF(UPPER(F15)="X",1,0)+IF(UPPER(H15)="X",1,0) -> 4
A16: Alick Black | B16: X | C16: — | D16: X | E16: — | F16: X | G16: — | H16: X | I16: 66.7 | J16: 65.8 | K16: =IF(AND(ISNUMBER(I16),ISNUMBER(J16)),J16-I16,"") -> -0.9 | L16: =IF(UPPER(B16)="X",1,0)+IF(UPPER(D16)="X",1,0)+IF(UPPER(F16)="X",1,0)+IF(UPPER(H16)="X",1,0) -> 4
A17: Yuka Regan | B17: X | C17: — | D17: X | E17: — | F17: X | G17: — | H17: X | I17: 42.8 | J17: 39.7 | K17: =IF(AND(ISNUMBER(I17),ISNUMBER(J17)),J17-I17,"") -> -3.1 | L17: =IF(UPPER(B17)="X",1,0)+IF(UPPER(D17)="X",1,0)+IF(UPPER(F17)="X",1,0)+IF(UPPER(H17)="X",1,0) -> 4
A18: Kyosuke Koyama | B18: X | C18: — | D18: X | E18: — | F18: X | G18: — | H18: X | I18: 50.3 | J18: 48 | K18: =IF(AND(ISNUMBER(I18),ISNUMBER(J18)),J18-I18,"") -> -2.3 | L18: =IF(UPPER(B18)="X",1,0)+IF(UPPER(D18)="X",1,0)+IF(UPPER(F18)="X",1,0)+IF(UPPER(H18)="X",1,0) -> 4
A19: Hiromori Hasegawa | B19: X | C19: — | D19: X | E19: — | F19: X | G19: — | H19: X | I19: 60.8 | J19: 58.4 | K19: =IF(AND(ISNUMBER(I19),ISNUMBER(J19)),J19-I19,"") -> -2.4 | L19: =IF(UPPER(B19)="X",1,0)+IF(UPPER(D19)="X",1,0)+IF(UPPER(F19)="X",1,0)+IF(UPPER(H19)="X",1,0) -> 4
A20: Daniel Jensen | B20: X | C20: — | D20: X | E20: — | F20: X | G20: — | H20: X | I20: 79.8 | J20: 77.2 | K20: =IF(AND(ISNUMBER(I20),ISNUMBER(J20)),J20-I20,"") -> -2.6 | L20: =IF(UPPER(B20)="X",1,0)+IF(UPPER(D20)="X",1,0)+IF(UPPER(F20)="X",1,0)+IF(UPPER(H20)="X",1,0) -> 4
A21: Rin Collins | B21: X | C21: — | D21: X | E21: — | F21: X | G21: — | H21: X | I21: 38.8 | J21: 36.7 | K21: =IF(AND(ISNUMBER(I21),ISNUMBER(J21)),J21-I21,"") -> -2.1 | L21: =IF(UPPER(B21)="X",1,0)+IF(UPPER(D21)="X",1,0)+IF(UPPER(F21)="X",1,0)+IF(UPPER(H21)="X",1,0) -> 4
A22: Noel Sato | B22: X | C22: — | D22: X | E22: — | F22: X | G22: — | H22: X | I22: 46.5 | J22: 44 | K22: =IF(AND(ISNUMBER(I22),ISNUMBER(J22)),J22-I22,"") -> -2.5 | L22: =IF(UPPER(B22)="X",1,0)+IF(UPPER(D22)="X",1,0)+IF(UPPER(F22)="X",1,0)+IF(UPPER(H22)="X",1,0) -> 4
A23: Arabelle Bager | B23: X | C23: — | D23: X | E23: — | F23: X | G23: — | H23: X | I23: 38.7 | J23: 35.7 | K23: =IF(AND(ISNUMBER(I23),ISNUMBER(J23)),J23-I23,"") -> -3 | L23: =IF(UPPER(B23)="X",1,0)+IF(UPPER(D23)="X",1,0)+IF(UPPER(F23)="X",1,0)+IF(UPPER(H23)="X",1,0) -> 4
A24: Totals | B24: =COUNTIF(B14:B23,"X") -> 10 | C24: — | D24: =COUNTIF(D14:D23,"X") -> 10 | E24: — | F24: =COUNTIF(F14:F23,"X") -> 10 | G24: — | H24: =COUNTIF(H14:H23,"X") -> 10 | I24: =IFERROR(AVERAGE(I14:I23),0) -> 51.94 | J24: =IFERROR(AVERAGE(J14:J23),0) -> 49.59 | K24: =IFERROR(AVERAGE(K14:K23),0) -> -2.35 | L24: =SUM(L14:L23) -> 40

Sheet Maximal
A1: Treatment Group: Maximal
A2: Prescription: 5 km outdoors
A4: Run Compliance Tracker
A6: Subject Name | B6: Day 1 | C6: Day 2 | D6: Day 3 | E6: Day 4 | F6: Day 5 | G6: Day 6 | H6: Day 7 | I6: Pre-test VO₂ | J6: Post-test VO₂ | K6: Change | L6: Runs ✓
A7: (islander) | B7: Pre-test + Run | C7: Run | D7: Run | E7: Run | F7: Run | G7: Run | H7: Run + Post-test | I7: (mL/kg/min) | J7: (mL/kg/min) | K7: Post − Pre | L7: of prescribed
A9: Legend: | B9: X = Run completed | D9: Pre-test day | F9: Post-test day | H9: Rest day
A11: Subjects
B12: Day 1 | C12: Day 2 | D12: Day 3 | E12: Day 4 | F12: Day 5 | G12: Day 6 | H12: Day 7 | I12: Pre-test VO₂ | J12: Post-test VO₂ | K12: Change | L12: Runs ✓
A13: Activity | B13: Pre-test + Run | C13: Run | D13: Run | E13: Run | F13: Run | G13: Run | H13: Run + Post-test | I13: (mL/kg/min) | J13: (mL/kg/min) | K13: Post − Pre | L13: of prescribed
A14: Konstanze Hauser | B14: X | C14: X | D14: X | E14: X | F14: X | G14: X | H14: X | I14: 40.9 | J14: 39.4 | K14: =IF(AND(ISNUMBER(I14),ISNUMBER(J14)),J14-I14,"") -> -1.5 | L14: =IF(UPPER(B14)="X",1,0)+IF(UPPER(C14)="X",1,0)+IF(UPPER(D14)="X",1,0)+IF(UPPER(E14)="X",1,0)+IF(UPPER(F14)="X",1,0)+IF(UPPER(G14)="X",1,0)+IF(UPPER(H14)="X",1,0) -> 7
A15: Gyan Varma | B15: X | C15: X | D15: X | E15: X | F15: X | G15: X | H15: X | I15: 64.4 | J15: 63.8 | K15: =IF(AND(ISNUMBER(I15),ISNUMBER(J15)),J15-I15,"") -> -0.6 | L15: =IF(UPPER(B15)="X",1,0)+IF(UPPER(C15)="X",1,0)+IF(UPPER(D15)="X",1,0)+IF(UPPER(E15)="X",1,0)+IF(UPPER(F15)="X",1,0)+IF(UPPER(G15)="X",1,0)+IF(UPPER(H15)="X",1,0) -> 7
A16: Daiki Connolly | B16: X | C16: X | D16: X | E16: X | F16: X | G16: X | H16: X | I16: 66.7 | J16: 65.3 | K16: =IF(AND(ISNUMBER(I16),ISNUMBER(J16)),J16-I16,"") -> -1.4 | L16: =IF(UPPER(B16)="X",1,0)+IF(UPPER(C16)="X",1,0)+IF(UPPER(D16)="X",1,0)+IF(UPPER(E16)="X",1,0)+IF(UPPER(F16)="X",1,0)+IF(UPPER(G16)="X",1,0)+IF(UPPER(H16)="X",1,0) -> 7
A17: Halden Lund | B17: X | C17: X | D17: X | E17: X | F17: X | G17: X | H17: X | I17: 67.6 | J17: 65.5 | K17: =IF(AND(ISNUMBER(I17),ISNUMBER(J17)),J17-I17,"") -> -2.1 | L17: =IF(UPPER(B17)="X",1,0)+IF(UPPER(C17)="X",1,0)+IF(UPPER(D17)="X",1,0)+IF(UPPER(E17)="X",1,0)+IF(UPPER(F17)="X",1,0)+IF(UPPER(G17)="X",1,0)+IF(UPPER(H17)="X",1,0) -> 7
A18: Aina Fukuda | B18: X | C18: X | D18: X | E18: X | F18: X | G18: X | H18: X | I18: 56.6 | J18: 55.3 | K18: =IF(AND(ISNUMBER(I18),ISNUMBER(J18)),J18-I18,"") -> -1.3 | L18: =IF(UPPER(B18)="X",1,0)+IF(UPPER(C18)="X",1,0)+IF(UPPER(D18)="X",1,0)+IF(UPPER(E18)="X",1,0)+IF(UPPER(F18)="X",1,0)+IF(UPPER(G18)="X",1,0)+IF(UPPER(H18)="X",1,0) -> 7
A19: Aurelie Gagnon | B19: X | C19: X | D19: X | E19: X | F19: X | G19: X | H19: X | I19: 58.6 | J19: 56.4 | K19: =IF(AND(ISNUMBER(I19),ISNUMBER(J19)),J19-I19,"") -> -2.2 | L19: =IF(UPPER(B19)="X",1,0)+IF(UPPER(C19)="X",1,0)+IF(UPPER(D19)="X",1,0)+IF(UPPER(E19)="X",1,0)+IF(UPPER(F19)="X",1,0)+IF(UPPER(G19)="X",1,0)+IF(UPPER(H19)="X",1,0) -> 7
A20: Lawrence Black | B20: X | C20: X | D20: X | E20: X | F20: X | G20: X | H20: X | I20: 39.4 | J20: 39.9 | K20: =IF(AND(ISNUMBER(I20),ISNUMBER(J20)),J20-I20,"") -> 0.5 | L20: =IF(UPPER(B20)="X",1,0)+IF(UPPER(C20)="X",1,0)+IF(UPPER(D20)="X",1,0)+IF(UPPER(E20)="X",1,0)+IF(UPPER(F20)="X",1,0)+IF(UPPER(G20)="X",1,0)+IF(UPPER(H20)="X",1,0) -> 7
A21: Kimitoshi Kono | B21: X | C21: X | D21: X | E21: X | F21: X | G21: X | H21: X | I21: 74.3 | J21: 72.6 | K21: =IF(AND(ISNUMBER(I21),ISNUMBER(J21)),J21-I21,"") -> -1.7 | L21: =IF(UPPER(B21)="X",1,0)+IF(UPPER(C21)="X",1,0)+IF(UPPER(D21)="X",1,0)+IF(UPPER(E21)="X",1,0)+IF(UPPER(F21)="X",1,0)+IF(UPPER(G21)="X",1,0)+IF(UPPER(H21)="X",1,0) -> 7 | O21: Gert Pre-test V02
A22: Gert Solberg | B22: X | C22: X | K22: =IF(AND(ISNUMBER(O22),ISNUMBER(J22)),J22-O22,"") | L22: =IF(UPPER(B22)="X",1,0)+IF(UPPER(C22)="X",1,0)+IF(UPPER(D22)="X",1,0)+IF(UPPER(E22)="X",1,0)+IF(UPPER(F22)="X",1,0)+IF(UPPER(G22)="X",1,0)+IF(UPPER(H22)="X",1,0) -> 2 | M22: withdrew on day 3 | O22: 62.9
A23: Pierrick Erickson | B23: X | C23: X | D23: X | E23: X | F23: X | G23: X | H23: X | I23: 68.5 | J23: 67 | K23: =IF(AND(ISNUMBER(I23),ISNUMBER(J23)),J23-I23,"") -> -1.5 | L23: =IF(UPPER(B23)="X",1,0)+IF(UPPER(C23)="X",1,0)+IF(UPPER(D23)="X",1,0)+IF(UPPER(E23)="X",1,0)+IF(UPPER(F23)="X",1,0)+IF(UPPER(G23)="X",1,0)+IF(UPPER(H23)="X",1,0) -> 7
A24: Totals | B24: =COUNTIF(B14:B23,"X") -> 10 | C24: =COUNTIF(C14:C23,"X") -> 10 | D24: =COUNTIF(D14:D23,"X") -> 9 | E24: =COUNTIF(E14:E23,"X") -> 9 | F24: =COUNTIF(F14:F23,"X") -> 9 | G24: =COUNTIF(G14:G23,"X") -> 9 | H24: =COUNTIF(H14:H23,"X") -> 9 | I24: =IFERROR(AVERAGE(I14:I23),0) -> 59.666667 | J24: =IFERROR(AVERAGE(J14:J23),0) -> 58.355556 | K24: =IFERROR(AVERAGE(K14:K23),0) -> -1.3111111 | L24: =SUM(L14:L23) -> 65
